{"cameraMode":{"drawMode":0,"name":"Shaded","section":"Shading Mode"},"sceneLighting":false,"audioPlay":false,"sceneViewState":{"showFog":true,"showMaterialUpdate":false,"showSkybox":false,"showFlares":true,"showImageEffects":true,"showParticleSystems":true},"in2DMode":false,"pivot":{"x":1137.489990234375,"y":1029.656005859375,"z":-1460.8900146484375},"rotation":{"x":0.2595083713531494,"y":-0.5236377120018005,"z":0.17132040858268739,"w":0.7931696772575378},"size":61.394691467285159,"orthographic":true}