{"cameraMode":{"drawMode":0,"name":"Shaded","section":"Shading Mode"},"sceneLighting":false,"audioPlay":false,"sceneViewState":{"showFog":true,"showMaterialUpdate":false,"showSkybox":false,"showFlares":true,"showImageEffects":true,"showParticleSystems":true},"in2DMode":false,"pivot":{"x":1149.0748291015625,"y":1030.6337890625,"z":-1452.2752685546875},"rotation":{"x":0.2595083713531494,"y":-0.5236377120018005,"z":0.17132040858268739,"w":0.7931696772575378},"size":13.239492416381836,"orthographic":true}