{"cameraMode":{"drawMode":0,"name":"Shaded","section":"Shading Mode"},"sceneLighting":true,"audioPlay":false,"sceneViewState":{"showFog":true,"showMaterialUpdate":false,"showSkybox":true,"showFlares":true,"showImageEffects":true,"showParticleSystems":true},"in2DMode":false,"pivot":{"x":1156.680419921875,"y":1173.6614990234375,"z":-1486.5888671875},"rotation":{"x":0.2885870039463043,"y":0.6650233864784241,"z":-0.3130582273006439,"w":0.6136378049850464},"size":2031.968017578125,"orthographic":true}